;name;year;certificate;runtime;genre;rating;metascore;text-muted;director;stars
0;Le Roi Lion;1994;Tous publics;88;['Animation', ' Adventure', ' Drama            '];8.5;88;Lion prince Simba and his father are targeted by his bitter uncle, who wants to ascend the throne himself.;['    Directors:', 'Roger Allers, ', 'Rob Minkoff', None];['Matthew Broderick', 'Jeremy Irons', 'James Earl Jones', 'Whoopi Goldberg']
1;Hamilton;2020;12;160;['Biography', ' Drama', ' History            '];8.4;90;The real life of one of America's foremost founding fathers and first Secretary of the Treasury, Alexander Hamilton. Captured live on Broadway from the Richard Rodgers Theater with the original Broadway cast.;['Thomas Kail', None];['Lin-Manuel Miranda', 'Phillipa Soo', 'Leslie Odom Jr.', 'Renée Elise Goldsberry']
2;Chantons sous la pluie;1952;Tous publics;103;['Comedy', ' Musical', ' Romance            '];8.3;99;A silent film star falls for a chorus girl just as he and his delusionally jealous screen partner are trying to make the difficult transition to talking pictures in 1920s Hollywood.;['    Directors:', 'Stanley Donen, ', 'Gene Kelly', None];"['Gene Kelly', ""Donald O'Connor"", 'Debbie Reynolds', 'Jean Hagen']"
3;On ne vit qu'une seule fois;2011;NaN;155;['Comedy', ' Drama', ' Musical            '];8.2;-1;Three friends decide to turn their fantasy vacation into reality after one of their friends gets engaged.;['Zoya Akhtar', None];['Hrithik Roshan', 'Farhan Akhtar', 'Abhay Deol', 'Katrina Kaif']
4;Swades: Nous, le peuple;2004;NaN;210;['Drama', ' Musical            '];8.2;-1;A successful Indian scientist returns to an Indian village to take his nanny to America with him and in the process rediscovers his roots.;['Ashutosh Gowariker', None];['Shah Rukh Khan', 'Gayatri Joshi', 'Kishori Ballal', 'Smith Seth']
5;Lagaan;2001;Tous publics;224;['Drama', ' Musical', ' Sport            '];8.1;84;The people of a small village in Victorian India stake their future on a game of cricket against their ruthless British rulers.;['Ashutosh Gowariker', None];['Aamir Khan', 'Raghuvir Yadav', 'Gracy Singh', 'Rachel Shelley']
6;La mélodie du bonheur;1965;Tous publics;172;['Biography', ' Drama', ' Family            '];8.1;63;A young novitiate is sent by her convent in 1930s Austria to become a governess to the seven children of a widowed naval officer.;['Robert Wise', None];['Julie Andrews', 'Christopher Plummer', 'Eleanor Parker', 'Richard Haydn']
7;Le magicien d'Oz;1939;Tous publics;102;['Adventure', ' Family', ' Fantasy            '];8.1;92;Young Dorothy Gale and her dog Toto are swept away by a tornado from their Kansas farm to the magical Land of Oz, and embark on a quest with three new friends to see the Wizard, who can return her to her home and fulfill the others' wishes.;['    Directors:', 'Victor Fleming, ', 'George Cukor, ', 'Mervyn LeRoy, ', 'Norman Taurog, ', 'Richard Thorpe, ', 'King Vidor', None];['Judy Garland', 'Frank Morgan', 'Ray Bolger', 'Bert Lahr']
8;La La Land;2016;Tous publics;128;['Comedy', ' Drama', ' Music            '];8.0;94;While navigating their careers in Los Angeles, a pianist and an actress fall in love while attempting to reconcile their aspirations for the future.;['Damien Chazelle', None];['Ryan Gosling', 'Emma Stone', 'Rosemarie DeWitt', 'J.K. Simmons']
9;Aladdin;1992;Tous publics;90;['Animation', ' Adventure', ' Comedy            '];8.0;86;A kindhearted street urchin and a power-hungry Grand Vizier vie for a magic lamp that has the power to make their deepest wishes come true.;['    Directors:', 'Ron Clements, ', 'John Musker', None];['Scott Weinger', 'Robin Williams', 'Linda Larkin', 'Jonathan Freeman']
10;La Belle et la Bête;1991;Tous publics;84;['Animation', ' Family', ' Fantasy            '];8.0;95;A prince cursed to spend his days as a hideous monster sets out to regain his humanity by earning a young woman's love.;['    Directors:', 'Gary Trousdale, ', 'Kirk Wise', None];"[""Paige O'Hara"", 'Robby Benson', 'Jesse Corti', 'Rex Everhart']"
11;Un violon sur le toit;1971;Tous Public;181;['Drama', ' Family', ' Musical            '];8.0;67;In pre-revolutionary Russia, a Jewish peasant with traditional values contends with marrying off three of his daughters with modern romantic ideals while growing anti-Semitic sentiment threatens his village.;['Norman Jewison', None];['Topol', 'Norma Crane', 'Leonard Frey', 'Molly Picon']
12;New York masala;2003;Tous publics;186;['Comedy', ' Drama', ' Musical            '];7.9;54;Naina, an introverted, perpetually depressed girl's life changes when she meets Aman. But Aman has a secret of his own which changes their lives forever. Embroiled in all this is Rohit, Naina's best friend who conceals his love for her.;['Nikkhil Advani', None];['Preity Zinta', 'Shah Rukh Khan', 'Saif Ali Khan', 'Jaya Bachchan']
13;Dancer in the Dark;2000;Tous publics;140;['Crime', ' Drama', ' Musical            '];7.9;61;An Eastern European US immigrant with a love for musicals has to cope with the gradual loss of her vision.;['Lars von Trier', None];['Björk', 'Catherine Deneuve', 'David Morse', 'Peter Stormare']
14;L'étrange Noël de monsieur Jack;1993;Tous publics;76;['Animation', ' Family', ' Fantasy            '];7.9;82;Jack Skellington, king of Halloween Town, discovers Christmas Town, but his attempts to bring Christmas to his home causes confusion.;['Henry Selick', None];"['Danny Elfman', 'Chris Sarandon', ""Catherine O'Hara"", 'William Hickey']"
15;Les Blues Brothers;1980;Tous publics;133;['Action', ' Adventure', ' Comedy            '];7.9;60;Jake Blues rejoins with his brother Elwood after being released from prison, but the duo has just days to reunite their old R&B band and save the Catholic home where the two were raised, outrunning the police as they tear through Chicago.;['John Landis', None];['John Belushi', 'Dan Aykroyd', 'Cab Calloway', 'John Candy']
16;Que le spectacle commence...;1979;Tous publics;123;['Drama', ' Music', ' Musical            '];7.8;72;Director/choreographer Bob Fosse tells his own life story as he details the sordid career of Joe Gideon, a womanizing, drug-using dancer.;['Bob Fosse', None];['Roy Scheider', 'Jessica Lange', 'Ann Reinking', 'Leland Palmer']
17;Cabaret;1972;Tous publics;124;['Drama', ' Music', ' Musical            '];7.8;80;A female girlie club entertainer in Weimar Republic era Berlin romances two men while the Nazi Party rises to power around them.;['Bob Fosse', None];['Liza Minnelli', 'Michael York', 'Helmut Griem', 'Joel Grey']
18;Willy Wonka au pays enchanté;1971;Tous publics;100;['Family', ' Fantasy', ' Musical            '];7.8;67;A poor but hopeful boy seeks one of the five coveted golden tickets that will send him on a tour of Willy Wonka's mysterious chocolate factory.;['Mel Stuart', None];['Gene Wilder', 'Jack Albertson', 'Peter Ostrum', 'Roy Kinnear']
19;Les parapluies de Cherbourg;1964;Tous publics;91;['Drama', ' Musical', ' Romance            '];7.8;86;A young woman separated from her lover by war faces a life-altering decision.;['Jacques Demy', None];['Catherine Deneuve', 'Nino Castelnuovo', 'Anne Vernon', 'Marc Michel']
20;My Fair Lady;1964;Tous Public;170;['Drama', ' Family', ' Musical            '];7.8;95;In 1910s London, snobbish phonetics professor Henry Higgins agrees to a wager that he can make crude flower girl, Eliza Doolittle, presentable in high society.;['George Cukor', None];['Audrey Hepburn', 'Rex Harrison', 'Stanley Holloway', 'Wilfrid Hyde-White']
21;Mary Poppins;1964;Tous publics;139;['Comedy', ' Family', ' Fantasy            '];7.8;88;In turn of the century London, a magical nanny employs music and adventure to help two neglected children become closer to their father.;['Robert Stevenson', None];['Julie Andrews', 'Dick Van Dyke', 'David Tomlinson', 'Glynis Johns']
22;Le bouffon du roi;1955;Tous Public;101;['Adventure', ' Comedy', ' Family            '];7.8;-1;A hapless carnival performer masquerades as the court jester as part of a plot against an evil ruler who has overthrown the rightful King.;['    Directors:', 'Melvin Frank, ', 'Norman Panama', None];['Danny Kaye', 'Glynis Johns', 'Basil Rathbone', 'Angela Lansbury']
23;Une nuit à l'opéra;1935;Tous Public;96;['Comedy', ' Music', ' Musical            '];7.8;-1;A sly business manager and the wacky friends of two opera singers in Italy help them achieve success in America while humiliating their stuffy and snobbish enemies.;['    Directors:', 'Sam Wood, ', 'Edmund Goulding', None];['Groucho Marx', 'Chico Marx', 'Harpo Marx', 'Kitty Carlisle']
24;Soupe au canard;1933;Tous publics;69;['Comedy', ' Musical            '];7.8;93;Rufus T. Firefly is named the dictator of bankrupt Freedonia and declares war on neighboring Sylvania over the love of his wealthy backer Mrs. Teasdale, contending with two inept spies who can't seem to keep straight which side they're on.;['Leo McCarey', None];['Groucho Marx', 'Harpo Marx', 'Chico Marx', 'Zeppo Marx']
25;Raiponce;2010;Tous publics;100;['Animation', ' Adventure', ' Comedy            '];7.7;71;The magically long-haired Rapunzel has spent her entire life in a tower, but now that a runaway thief has stumbled upon her, she is about to discover the world for the first time, and who she really is.;['    Directors:', 'Nathan Greno, ', 'Byron Howard', None];['Mandy Moore', 'Zachary Levi', 'Donna Murphy', 'Ron Perlman']
26;Hedwig and the Angry Inch;2001;Tous publics;95;['Comedy', ' Drama', ' Music            '];7.7;85;A gender-queer punk-rock singer from East Berlin tours the U.S. with her band as she tells her life story and follows the former lover/band-mate who stole her songs.;['John Cameron Mitchell', None];['John Cameron Mitchell', 'Miriam Shor', 'Stephen Trask', 'Theodore Liscinski']
27;South Park, le film - Plus long, plus grand et pas coupé;1999;12;81;['Animation', ' Comedy', ' Fantasy            '];7.7;73;When Stan Marsh and his friends go see an R-rated movie, they start cursing and their parents think that Canada is to blame.;['Trey Parker', None];['Trey Parker', 'Matt Stone', 'Mary Kay Bergman', 'Isaac Hayes']
28;Noël chez les Muppets;1992;Tous Public;85;['Comedy', ' Drama', ' Family            '];7.7;64;The Muppet characters tell their version of the classic tale of an old and bitter miser's redemption on Christmas Eve.;['Brian Henson', None];['Michael Caine', 'Dave Goelz', 'Steve Whitmire', 'Jerry Nelson']
29;Les demoiselles de Rochefort;1967;Tous publics;120;['Comedy', ' Drama', ' Musical            '];7.7;-1;Two sisters leave their small seaside town of Rochefort in search of romance. Hired as carnival singers, one falls for an American musician, while the other must search for her ideal partner.;['Jacques Demy', None];['Catherine Deneuve', 'George Chakiris', 'Françoise Dorléac', 'Jacques Perrin']
30;Le marchand de fanfares;1962;G;151;['Comedy', ' Family', ' Musical            '];7.7;76;Traveling con artist Harold Hill targets the naïve residents of a small town in 1910s Iowa by posing as a boys' band leader to raise money before he can skip town.;['Morton DaCosta', None];['Robert Preston', 'Shirley Jones', 'Buddy Hackett', 'Hermione Gingold']
31;Fantasia;1940;Tous publics;125;['Animation', ' Family', ' Fantasy            '];7.7;96;A collection of animated interpretations of great works of Western classical music, ranging from the abstract to depictions of mythology and fantasy, and settings including the prehistoric, supernatural and sacred.;['    Directors:', 'James Algar, ', 'Samuel Armstrong, ', 'Ford Beebe Jr., ', 'Norman Ferguson, ', 'David Hand, ', 'Jim Handley, ', 'T. Hee, ', 'Wilfred Jackson, ', 'Hamilton Luske, ', 'Bill Roberts, ', 'Paul Satterfield, ', 'Ben Sharpsteen', None];['Leopold Stokowski', 'Deems Taylor', 'The Philadelphia Orchestra', 'Corey Burton']
32;Le Danseur du dessus;1935;Tous publics;101;['Comedy', ' Musical', ' Romance            '];7.7;92;An American dancer comes to Britain and falls for a model whom he initially annoyed, but she mistakes him for his goofy producer.;['Mark Sandrich', None];['Fred Astaire', 'Ginger Rogers', 'Edward Everett Horton', 'Erik Rhodes']
33;Vaiana : La Légende du bout du monde;I) (2016;Tous publics;107;['Animation', ' Adventure', ' Comedy            '];7.6;81;In Ancient Polynesia, when a terrible curse incurred by the Demigod Maui reaches Moana's island, she answers the Ocean's call to seek out the Demigod to set things right.;['    Directors:', 'Ron Clements, ', 'John Musker, ', 'Don Hall, ', 'Chris Williams', None];"[""Auli'i Cravalho"", 'Dwayne Johnson', 'Rachel House', 'Temuera Morrison']"
34;Moulin Rouge;2001;Tous publics;127;['Drama', ' Musical', ' Romance            '];7.6;66;A poor Bohemian poet in 1890s Paris falls for a beautiful courtesan and nightclub star coveted by a jealous duke.;['Baz Luhrmann', None];['Nicole Kidman', 'Ewan McGregor', 'John Leguizamo', 'Jim Broadbent']
35;Mulan;1998;Tous publics;88;['Animation', ' Adventure', ' Comedy            '];7.6;71;To save her father from death in the army, a young maiden secretly goes in his place and becomes one of China's greatest heroines in the process.;['    Directors:', 'Tony Bancroft, ', 'Barry Cook', None];['Ming-Na Wen', 'Eddie Murphy', 'BD Wong', 'Miguel Ferrer']
36;La petite sirène;1989;Tous publics;83;['Animation', ' Adventure', ' Comedy            '];7.6;88;A mermaid princess makes a Faustian bargain in an attempt to become human and win a prince's love.;['    Directors:', 'Ron Clements, ', 'John Musker', None];['Jodi Benson', 'Samuel E. Wright', 'Rene Auberjonois', 'Christopher Daniel Barnes']
37;Les Muppets : Ça c'est du cinéma !;1979;Tous Public;95;['Adventure', ' Comedy', ' Family            '];7.6;74;Kermit and his newfound friends trek across America to find success in Hollywood, but a frog legs merchant is after Kermit.;['James Frawley', None];['Jim Henson', 'Frank Oz', 'Jerry Nelson', 'Richard Hunt']
38;Le Livre de la jungle;1967;Tous publics;78;['Animation', ' Adventure', ' Comedy            '];7.6;65;Bagheera the Panther and Baloo the Bear have a difficult time trying to convince a boy to leave the jungle for human civilization.;['Wolfgang Reitherman', None];['Phil Harris', 'Sebastian Cabot', 'Louis Prima', 'Bruce Reitherman']
39;West Side Story;1961;Tous publics;153;['Crime', ' Drama', ' Musical            '];7.6;86;Two youngsters from rival New York City gangs fall in love, but tensions between their respective friends build toward tragedy.;['    Directors:', 'Jerome Robbins, ', 'Robert Wise', None];['Natalie Wood', 'George Chakiris', 'Richard Beymer', 'Russ Tamblyn']
40;La glorieuse parade;1942;Tous Public;126;['Biography', ' Drama', ' Family            '];7.6;89;The life of the renowned musical composer, playwright, actor, dancer, and singer George M. Cohan.;['Michael Curtiz', None];['James Cagney', 'Joan Leslie', 'Walter Huston', 'Richard Whorf']
41;Blanche Neige et les sept nains;1937;Tous publics;83;['Animation', ' Adventure', ' Family            '];7.6;95;Exiled into the dangerous forest by her wicked stepmother, a princess is rescued by seven dwarf miners who make her part of their household.;['    Directors:', 'William Cottrell, ', 'David Hand, ', 'Wilfred Jackson, ', 'Larry Morey, ', 'Perce Pearce, ', 'Ben Sharpsteen', None];['Adriana Caselotti', 'Harry Stockwell', 'Lucille La Verne', 'Roy Atwell']
42;tick, tick... Boom!;2021;13;120;['Biography', ' Drama', ' Musical            '];7.5;74;On the cusp of his 30th birthday, a promising young theater composer navigates love, friendship and the pressures of life as an artist in New York City.;['Lin-Manuel Miranda', None];['Andrew Garfield', 'Alexandra Shipp', 'Robin de Jesus', 'Vanessa Hudgens']
43;Les Misérables;2012;Tous publics;158;['Drama', ' Musical', ' Romance            '];7.5;63;In 19th-century France, Jean Valjean, who for decades has been hunted by the ruthless policeman Javert after breaking parole, agrees to care for a factory worker's daughter. The decision changes their lives forever.;['Tom Hooper', None];['Hugh Jackman', 'Russell Crowe', 'Anne Hathaway', 'Amanda Seyfried']
44;The Greatest Showman;2017;Tous publics;105;['Biography', ' Drama', ' Musical            '];7.5;48;Celebrates the birth of show business and tells of a visionary who rose from nothing to create a spectacle that became a worldwide sensation.;['Michael Gracey', None];['Hugh Jackman', 'Michelle Williams', 'Zac Efron', 'Zendaya']
45;Monty Python, le sens de la vie;1983;Tous publics;107;['Comedy', ' Musical            '];7.5;72;The comedy team takes a look at life in all of its stages in their own uniquely silly way.;['    Directors:', 'Terry Jones, ', 'Terry Gilliam', None];['John Cleese', 'Terry Gilliam', 'Eric Idle', 'Terry Jones']
46;Hair;1979;Tous publics;121;['Comedy', ' Drama', ' Musical            '];7.5;68;Claude Bukowski leaves the family ranch in Oklahoma for New York where he is rapidly embraced into the hippie group of youngsters led by Berger, yet he's already been drafted. He soon falls in love with Sheila Franklin, a rich girl but still a rebel inside.;['Milos Forman', None];"['John Savage', 'Treat Williams', ""Beverly D'Angelo"", 'Annie Golden']"
47;Les aventures de Winnie l'ourson;1977;Tous Public;74;['Animation', ' Adventure', ' Comedy            '];7.5;-1;In this collection of animated shorts based on the stories and characters by A.A. Milne, Winnie the Pooh, a honey-loving teddy bear, embarks on some eccentric adventures.;['    Directors:', 'John Lounsbery, ', 'Wolfgang Reitherman, ', 'Ben Sharpsteen', None];['Sebastian Cabot', 'Junius Matthews', 'Barbara Luddy', 'Howard Morris']
48;Robin des Bois;1973;Tous publics;83;['Animation', ' Adventure', ' Comedy            '];7.5;57;The story of the legendary British outlaw is portrayed with the characters as humanoid animals.;['    Directors:', 'Wolfgang Reitherman, ', 'David Hand', None];['Brian Bedford', 'Phil Harris', 'Roger Miller', 'Peter Ustinov']
49;Scrooge;1970;Tous Public;113;['Drama', ' Family', ' Fantasy            '];7.5;58;A musical retelling of Charles Dickens' classic novel about an old bitter miser taken on a journey of self-redemption, courtesy of several mysterious Christmas apparitions.;['Ronald Neame', None];['Albert Finney', 'Alec Guinness', 'Edith Evans', 'Kenneth More']
0;Quatre garçons dans le vent;1964;Tous publics;87;['Comedy', ' Musical            '];7.5;96;"Over two ""typical"" days in the life of The Beatles, the boys struggle to keep themselves and Sir Paul McCartney's mischievous grandfather in check while preparing for a live TV performance.";['Richard Lester', None];['John Lennon', 'Paul McCartney', 'George Harrison', 'Ringo Starr']
1;Noël blanc;1954;Tous Public;120;['Comedy', ' Musical', ' Romance            '];7.5;56;A successful song-and-dance team become romantically involved with a sister act and team up to save the failing Vermont inn of their former commanding general.;['Michael Curtiz', None];['Bing Crosby', 'Danny Kaye', 'Rosemary Clooney', 'Vera-Ellen']
2;Une étoile est née;1954;Tous publics;154;['Drama', ' Musical', ' Romance            '];7.5;89;A film star helps a young singer and actress find fame, even as age and alcoholism send his own career on a downward spiral.;['George Cukor', None];['Judy Garland', 'James Mason', 'Jack Carson', 'Charles Bickford']
3;Le chant du Missouri;1944;Tous publics;113;['Comedy', ' Drama', ' Family            '];7.5;94;Young love and childish fears highlight a year in the life of a turn-of-the-century family.;['Vincente Minnelli', None];"['Judy Garland', ""Margaret O'Brien"", 'Mary Astor', 'Lucille Bremer']"
4;Pinocchio;1940;Tous publics;88;['Animation', ' Adventure', ' Comedy            '];7.5;99;A living puppet, with the help of a cricket as his conscience, must prove himself worthy to become a real boy.;['    Directors:', 'Norman Ferguson, ', 'T. Hee, ', 'Wilfred Jackson, ', 'Jack Kinney, ', 'Hamilton Luske, ', 'Bill Roberts, ', 'Ben Sharpsteen', None];['Dickie Jones', 'Christian Rub', 'Mel Blanc', 'Billy Bletcher']
5;Un jour aux courses;1937;Tous Public;111;['Comedy', ' Family', ' Musical            '];7.5;-1;A veterinarian posing as a doctor teams with a singer and his friends as they struggle to save an upstate New York sanitarium with the help of a misfit racehorse.;['Sam Wood', None];['Groucho Marx', 'Chico Marx', 'Harpo Marx', 'Allan Jones']
6;Sur les ailes de la danse;1936;Tous Public;103;['Comedy', ' Musical', ' Romance            '];7.5;91;"Roguish gambler/dancer ""Lucky"" Garnett is challenged by his fiance's father to come up with $25,000 to prove he's worthy of her hand. But after he falls in love with a dance instructor, Lucky'll do anything to keep from earning the bucks.";['George Stevens', None];['Fred Astaire', 'Ginger Rogers', 'Victor Moore', 'Helen Broderick']
7;Plumes de cheval;1932;Tous Public;68;['Comedy', ' Family', ' Musical            '];7.5;83;Quincy Adams Wagstaff, Huxley University's new president, accidentally hires bumblers Baravelli and Pinky to help his school win the big football game against their rival, Darwin University.;['Norman Z. McLeod', None];['Groucho Marx', 'Chico Marx', 'Harpo Marx', 'The Marx Brothers']
8;Tous en scène 2;2021;Tous publics;110;['Animation', ' Adventure', ' Comedy            '];7.4;49;Buster Moon and his friends must persuade reclusive rock star Clay Calloway to join them for the opening of a new show.;['    Directors:', 'Garth Jennings, ', 'Christophe Lourdelet', None];['Matthew McConaughey', 'Reese Witherspoon', 'Scarlett Johansson', 'Tori Kelly']
9;La reine des neiges;I) (2013;Tous publics;102;['Animation', ' Adventure', ' Comedy            '];7.4;75;When the newly crowned Queen Elsa accidentally uses her power to turn things into ice to curse her home in infinite winter, her sister Anna teams up with a mountain man, his playful reindeer, and a snowman to change the weather condition.;['    Directors:', 'Chris Buck, ', 'Jennifer Lee', None];['Kristen Bell', 'Idina Menzel', 'Jonathan Groff', 'Josh Gad']
10;La famille indienne;2001;Tous Public;210;['Drama', ' Musical', ' Romance            '];7.4;-1;After marrying a poor woman, rich Rahul is disowned by his father and moves to London to build a new life. Years later, his now-grown younger brother Rohan embarks on a mission to bring Rahul back home and reunite the family.;['Karan Johar', None];['Shah Rukh Khan', 'Kajol', 'Amitabh Bachchan', 'Hrithik Roshan']
11;Topsy-Turvy;1999;Tous publics;160;['Biography', ' Comedy', ' Drama            '];7.4;90;Set in the 1880s, the story of how, during a creative dry spell, the partnership of the legendary musical/theatrical writers Gilbert and Sullivan almost dissolves, before they turn it all around and write the Mikado.;['Mike Leigh', None];['Jim Broadbent', 'Allan Corduner', 'Dexter Fletcher', 'Sukie Smith']
12;The Rocky Horror Picture Show;1975;12;100;['Comedy', ' Horror', ' Musical            '];7.4;65;A newly-engaged couple have a breakdown in an isolated area and must seek shelter at the bizarre residence of Dr. Frank-n-Furter.;['Jim Sharman', None];"['Tim Curry', 'Susan Sarandon', 'Barry Bostwick', ""Richard O'Brien""]"
13;Yellow Submarine;1968;Tous publics;90;['Animation', ' Adventure', ' Comedy            '];7.4;79;The Beatles agree to accompany Captain Fred in his yellow submarine and go to Pepperland to free it from the music-hating Blue Meanies.;['George Dunning', None];['Paul McCartney', 'George Harrison', 'Ringo Starr', 'John Lennon']
14;Oliver!;1968;Tous publics;153;['Drama', ' Family', ' Musical            '];7.4;74;After being sold to a mortician, young orphan Oliver Twist runs away and meets a group of boys trained to be pickpockets by an elderly mentor in 1830s London.;['Carol Reed', None];['Mark Lester', 'Ron Moody', 'Shani Wallis', 'Oliver Reed']
15;Le roi et moi;1956;Tous Public;133;['Biography', ' Drama', ' Musical            '];7.4;72;A widow accepts a job as a live-in governess to the King of Siam's children.;['Walter Lang', None];['Yul Brynner', 'Deborah Kerr', 'Rita Moreno', 'Martin Benson']
16;Tous en scène !;1953;Tous publics;112;['Comedy', ' Musical', ' Romance            '];7.4;93;A pretentiously artistic director is hired for a new Broadway musical and changes it beyond recognition.;['Vincente Minnelli', None];['Fred Astaire', 'Cyd Charisse', 'Oscar Levant', 'Nanette Fabray']
17;Alice au pays des merveilles;1951;Tous publics;75;['Animation', ' Adventure', ' Comedy            '];7.4;68;Alice stumbles into the world of Wonderland. Will she get home? Not if the Queen of Hearts has her way.;['    Directors:', 'Clyde Geronimi, ', 'Wilfred Jackson, ', 'Hamilton Luske, ', 'Jack Kinney', None];['Kathryn Beaumont', 'Ed Wynn', 'Richard Haydn', 'Sterling Holloway']
18;Monnaie de singe;1931;Tous Public;77;['Comedy', ' Family', ' Musical            '];7.4;74;On a transatlantic crossing, The Marx Brothers get up to their usual antics and manage to annoy just about everyone on board the ship.;['Norman Z. McLeod', None];['Groucho Marx', 'Harpo Marx', 'The Marx Brothers', 'Chico Marx']
19;L'explorateur en folie;1930;Tous Public;97;['Comedy', ' Family', ' Musical            '];7.4;77;Mayhem and zaniness ensue when a valuable painting goes missing during a party in honor of famed African explorer Captain Spaulding.;['Victor Heerman', None];['Groucho Marx', 'Harpo Marx', 'Chico Marx', 'The Marx Brothers']
20;La ballade de Buster Scruggs;2018;16;133;['Comedy', ' Drama', ' Musical            '];7.3;79;Six tales of life and violence in the Old West, following a singing gunslinger, a bank robber, a traveling impresario, an elderly prospector, a wagon train, and a perverse pair of bounty hunters.;['    Directors:', 'Ethan Coen, ', 'Joel Coen', None];['Tim Blake Nelson', 'Willie Watson', 'Clancy Brown', 'Danny McCarthy']
21;Rocketman;I) (2019;Tous publics;121;['Biography', ' Drama', ' Musical            '];7.3;69;A musical fantasy about the fantastical human story of Elton John's breakthrough years.;['Dexter Fletcher', None];['Taron Egerton', 'Jamie Bell', 'Richard Madden', 'Bryce Dallas Howard']
22;D'où l'on vient;2021;Tous publics;143;['Drama', ' Musical', ' Romance            '];7.3;84;A film version of the Broadway musical in which Usnavi, a sympathetic New York bodega owner, saves every penny every day as he imagines and sings about a better life.;['Jon M. Chu', None];['Anthony Ramos', 'Corey Hawkins', 'Leslie Grace', 'Melissa Barrera']
23;Across the Universe;2007;Tous publics;133;['Drama', ' Fantasy', ' History            '];7.3;56;The music of The Beatles and the Vietnam War form the backdrop for the romance between an upper-class American girl and a poor Liverpudlian artist.;['Julie Taymor', None];['Evan Rachel Wood', 'Jim Sturgess', 'Joe Anderson', 'Dana Fuchs']
24;Sweeney Todd, le diabolique barbier de Fleet Street;2007;12;116;['Drama', ' Horror', ' Musical            '];7.3;83;The legendary tale of a barber who returns from wrongful imprisonment to 1840s London, bent on revenge for the rape and death of his wife, and resumes his trade while forming a sinister partnership with his fellow tenant, Mrs. Lovett.;['Tim Burton', None];['Johnny Depp', 'Helena Bonham Carter', 'Alan Rickman', 'Timothy Spall']
25;Les noces funèbres;2005;Tous publics;77;['Animation', ' Drama', ' Family            '];7.3;83;When a shy groom practices his wedding vows in the inadvertent presence of a deceased young woman, she rises from the grave assuming he has married her.;['    Directors:', 'Tim Burton, ', 'Mike Johnson', None];['Johnny Depp', 'Helena Bonham Carter', 'Emily Watson', 'Tracey Ullman']
26;Hercule;1997;Tous Public;93;['Animation', ' Adventure', ' Comedy            '];7.3;74;The son of Zeus and Hera is stripped of his immortality as an infant and must become a true hero in order to reclaim it.;['    Directors:', 'Ron Clements, ', 'John Musker', None];['Tate Donovan', 'Susan Egan', 'James Woods', 'Barbara Barrie']
27;Le Petit Grille-pain courageux;1987;Tous Public;90;['Animation', ' Adventure', ' Family            '];7.3;-1;A group of dated appliances embark on a journey to the city to find their master after being abandoned in a cabin in the woods.;['Jerry Rees', None];['Jon Lovitz', 'Timothy Stack', 'Timothy E. Day', 'Thurl Ravenscroft']
28;Labyrinthe;1986;Tous publics;101;['Adventure', ' Family', ' Fantasy            '];7.3;50;Sixteen-year-old Sarah is given thirteen hours to solve a labyrinth and rescue her baby brother Toby when her wish for him to be taken away is granted by the Goblin King Jareth.;['Jim Henson', None];['David Bowie', 'Jennifer Connelly', 'Toby Froud', 'Shelley Thompson']
29;Jesus Christ Superstar;1973;Tous publics;106;['Drama', ' History', ' Musical            '];7.3;64;Film version of the musical stage play, presenting the last few weeks of Christ's life told in an anachronistic manner.;['Norman Jewison', None];['Ted Neeley', 'Carl Anderson', 'Yvonne Elliman', 'Barry Dennen']
30;Funny Girl;1968;Tous publics;151;['Biography', ' Comedy', ' Drama            '];7.3;89;The life of Fanny Brice, famed comedienne and entertainer of the early 1900s. We see her rise to fame as a Ziegfeld girl, subsequent career, and her personal life, particularly her relationship with Nick Arnstein.;['William Wyler', None];['Barbra Streisand', 'Omar Sharif', 'Kay Medford', 'Anne Francis']
31;La Belle et le Clochard;1955;Tous publics;76;['Animation', ' Adventure', ' Comedy            '];7.3;78;The romantic tale of a sheltered uptown Cocker Spaniel dog and a streetwise downtown Mutt.;['    Directors:', 'Clyde Geronimi, ', 'Wilfred Jackson, ', 'Hamilton Luske, ', 'Jack Cutting', None];['Barbara Luddy', 'Larry Roberts', 'Peggy Lee', 'Bill Thompson']
32;Les sept femmes de Barberousse;1954;Tous Public;102;['Comedy', ' Drama', ' Musical            '];7.3;75;In 1850 Oregon, when a backwoodsman brings a wife home to his farm, his six brothers decide that they want to get married too.;['Stanley Donen', None];['Jane Powell', 'Howard Keel', 'Jeff Richards', 'Russ Tamblyn']
33;Les Aventures de Peter Pan;1953;Tous publics;77;['Animation', ' Adventure', ' Family            '];7.3;76;Wendy and her brothers are whisked away to the magical world of Neverland with the hero of their stories, Peter Pan.;['    Directors:', 'Clyde Geronimi, ', 'Wilfred Jackson, ', 'Hamilton Luske, ', 'Jack Kinney', None];['Bobby Driscoll', 'Kathryn Beaumont', 'Hans Conried', 'Bill Thompson']
34;Cendrillon;1950;Tous publics;74;['Animation', ' Family', ' Fantasy            '];7.3;85;When Cinderella's cruel stepmother prevents her from attending the Royal Ball, she gets some unexpected help from the lovable mice Gus and Jaq and from her Fairy Godmother.;['    Directors:', 'Clyde Geronimi, ', 'Wilfred Jackson, ', 'Hamilton Luske', None];['Ilene Woods', 'James MacDonald', 'Eleanor Audley', 'Verna Felton']
35;Un jour à New-York;1949;Tous publics;98;['Comedy', ' Musical', ' Romance            '];7.3;71;Three sailors wreak havoc as they search for love during a whirlwind 24-hour leave in New York City.;['    Directors:', 'Stanley Donen, ', 'Gene Kelly', None];['Gene Kelly', 'Frank Sinatra', 'Betty Garrett', 'Ann Miller']
36;Parade de printemps;1948;Tous Public;103;['Musical', ' Romance            '];7.3;-1;A nightclub performer hires a naive chorus girl to become his new dance partner to make his former partner jealous and to prove he can make any partner a star.;['Charles Walters', None];['Judy Garland', 'Fred Astaire', 'Peter Lawford', 'Ann Miller']
37;L'amour chante et danse;1942;Tous Public;100;['Comedy', ' Drama', ' Music            '];7.3;-1;At an inn which is open only on holidays, a crooner and a hoofer vie for the affections of a beautiful up-and-coming performer.;['    Directors:', 'Mark Sandrich, ', 'Robert Allen', None];['Bing Crosby', 'Fred Astaire', 'Marjorie Reynolds', 'Virginia Dale']
38;42ème rue;1933;Tous publics;89;['Comedy', ' Drama', ' Musical            '];7.3;83;When the leading lady of a Broadway musical breaks her ankle, she is replaced by a young unknown actress, who becomes the star of the show.;['Lloyd Bacon', None];['Warner Baxter', 'Bebe Daniels', 'George Brent', 'Ruby Keeler']
39;West Side Story;2021;Tous publics;156;['Crime', ' Drama', ' Musical            '];7.2;85;An adaptation of the 1957 musical, West Side Story explores forbidden love and the rivalry between the Jets and the Sharks, two teenage street gangs of different ethnic backgrounds.;['Steven Spielberg', None];['Ansel Elgort', 'Rachel Zegler', 'Ariana DeBose', 'David Alvarez']
40;Encanto, la fantastique famille Madrigal;2021;Tous publics;102;['Animation', ' Comedy', ' Family            '];7.2;75;A Colombian teenage girl has to face the frustration of being the only member of her family without magical powers.;['    Directors:', 'Jared Bush, ', 'Byron Howard, ', 'Charise Castro Smith', None];['Stephanie Beatriz', 'María Cecilia Botero', 'John Leguizamo', 'Mauro Castillo']
41;La légende de Manolo;2014;Tous publics;95;['Animation', ' Adventure', ' Comedy            '];7.2;67;Manolo, a young man who is torn between fulfilling the expectations of his family and following his heart, embarks on an adventure that spans three fantastic worlds where he must face his greatest fears.;['Jorge R. Gutiérrez', None];['Diego Luna', 'Zoe Saldana', 'Channing Tatum', 'Ron Perlman']
42;Yeh Jawaani Hai Deewani;2013;Tous Public;160;['Drama', ' Musical', ' Romance            '];7.2;-1;Kabir and Naina bond during a trekking trip. Before Naina can express herself, Kabir leaves India to pursue his career. They meet again years later, but he still cherishes his dreams more than bonds.;['Ayan Mukerji', None];['Ranbir Kapoor', 'Deepika Padukone', 'Aditya Roy Kapoor', 'Kalki Koechlin']
43;Chicago;2002;Tous publics;113;['Comedy', ' Crime', ' Musical            '];7.2;81;Two death-row murderesses develop a fierce rivalry while competing for publicity, celebrity, and a sleazy lawyer's attention.;['Rob Marshall', None];['Renée Zellweger', 'Catherine Zeta-Jones', 'Richard Gere', 'Taye Diggs']
44;Le fantôme de l'opéra;2004;Tous Public;143;['Drama', ' Musical', ' Romance            '];7.2;40;A young soprano becomes the obsession of a disfigured and murderous musical genius who lives beneath the Paris Opéra House.;['Joel Schumacher', None];['Gerard Butler', 'Emmy Rossum', 'Patrick Wilson', 'Miranda Richardson']
45;Basil, détective privé;1986;Tous Public;74;['Animation', ' Adventure', ' Family            '];7.2;73;Basil, the rodent Sherlock Holmes, investigates the kidnapping of a toy maker and uncovers its link to his archenemy, Professor Ratigan.;['    Directors:', 'Ron Clements, ', 'Burny Mattinson, ', 'David Michener, ', 'John Musker', None];['Vincent Price', 'Barrie Ingham', 'Val Bettin', 'Susanne Pollatschek']
46;Grease;1978;Tous publics;110;['Comedy', ' Musical', ' Romance            '];7.2;70;Good girl Sandy Olsson and greaser Danny Zuko fell in love over the summer. When they unexpectedly discover they're now in the same high school, will they be able to rekindle their romance?;['Randal Kleiser', None];['John Travolta', 'Olivia Newton-John', 'Stockard Channing', 'Jeff Conaway']
47;La Belle au bois dormant;1959;Tous publics;75;['Animation', ' Adventure', ' Family            '];7.2;85;After being snubbed by the royal family, a malevolent fairy places a curse on a princess which only a prince can break, along with the help of three good fairies.;['    Directors:', 'Les Clark, ', 'Clyde Geronimi, ', 'Eric Larson, ', 'Wolfgang Reitherman, ', 'Hamilton Luske', None];['Mary Costa', 'Bill Shirley', 'Eleanor Audley', 'Verna Felton']
48;La blonde du Far-West;1953;Tous Public;101;['Musical', ' Romance', ' Western            '];7.2;-1;The story of Calamity Jane, her saloon, and her romance with Wild Bill Hickok.;['David Butler', None];['Doris Day', 'Howard Keel', 'Allyn Ann McLerie', 'Philip Carey']
49;Un Américain à Paris;1951;Tous publics;114;['Drama', ' Musical', ' Romance            '];7.2;83;Three friends struggle to find work in Paris. Things become more complicated when two of them fall in love with the same woman.;['Vincente Minnelli', None];['Gene Kelly', 'Leslie Caron', 'Oscar Levant', 'Georges Guétary']
0;Dumbo;1941;Tous publics;64;['Animation', ' Adventure', ' Drama            '];7.2;96;Ridiculed because of his enormous ears, a young circus elephant is assisted by a mouse to achieve his full potential.;['    Directors:', 'Samuel Armstrong, ', 'Norman Ferguson, ', 'Wilfred Jackson, ', 'Jack Kinney, ', 'Bill Roberts, ', 'Ben Sharpsteen, ', 'John Elliotte', None];['Sterling Holloway', 'Edward Brophy', 'Herman Bing', 'Billy Bletcher']
1;Tous en scène;2016;Tous publics;108;['Animation', ' Comedy', ' Family            '];7.1;59;In a city of humanoid animals, a hustling theater impresario's attempt to save his theater with a singing competition becomes grander than he anticipates even as its finalists find that their lives will never be the same.;['    Directors:', 'Garth Jennings, ', 'Christophe Lourdelet', None];['Matthew McConaughey', 'Reese Witherspoon', 'Seth MacFarlane', 'Scarlett Johansson']
2;La Belle et la Bête;I) (2017;Tous publics;129;['Adventure', ' Family', ' Fantasy            '];7.1;65;A selfish Prince is cursed to become a monster for the rest of his life, unless he learns to fall in love with a beautiful young woman he keeps prisoner.;['Bill Condon', None];['Emma Watson', 'Dan Stevens', 'Luke Evans', 'Josh Gad']
3;Winnie l'Ourson;2011;Tous publics;63;['Animation', ' Adventure', ' Comedy            '];7.1;74;While searching for honey, Pooh and his friends embark on an adventure to find Eeyore's missing tail and rescue Christopher Robin from an unknown monster called The Backson.;['    Directors:', 'Stephen J. Anderson, ', 'Don Hall', None];['Jim Cummings', 'Craig Ferguson', 'John Cleese', 'Bud Luckey']
4;Les Muppets, le retour;2011;Tous Public;120;['Adventure', ' Comedy', ' Family            '];7.1;75;A Muppet fanatic with some help from his 2 human compatriots must regroup the Muppet gang to stop an avaricious oil mogul from taking down one of their precious life-longing treasures.;['James Bobin', None];['Amy Adams', 'Jason Segel', 'Chris Cooper', 'Rashida Jones']
5;La princesse et la grenouille;2009;Tous Public;97;['Animation', ' Adventure', ' Comedy            '];7.1;73;A waitress, desperate to fulfill her dreams as a restaurant owner, is set on a journey to turn a frog prince back into a human being, but she has to face the same problem after she kisses him.;['    Directors:', 'Ron Clements, ', 'John Musker', None];['Anika Noni Rose', 'Keith David', 'Oprah Winfrey', 'Bruno Campos']
6;Il était une fois...;2007;Tous publics;107;['Animation', ' Adventure', ' Comedy            '];7.1;75;A young maiden in a land called Andalasia, who is prepared to be wed, is sent away to New York City by an evil Queen, where she falls in love with a lawyer.;['Kevin Lima', None];['Amy Adams', 'Susan Sarandon', 'James Marsden', 'Patrick Dempsey']
7;Fantasia 2000;1999;Tous publics;75;['Animation', ' Family', ' Fantasy            '];7.1;59;An update of the original film with new interpretations of great works of classical music.;['    Directors:', 'James Algar, ', 'Gaëtan Brizzi, ', 'Paul Brizzi, ', 'Hendel Butoy, ', 'Francis Glebas, ', 'Eric Goldberg, ', 'Don Hahn, ', 'Pixote Hunt', None];['James Levine', 'Steve Martin', 'Itzhak Perlman', 'Quincy Jones']
8;Le Prince d'Égypte;1998;Tous publics;99;['Animation', ' Adventure', ' Drama            '];7.1;64;Egyptian Prince Moses learns of his identity as a Hebrew and his destiny to become the chosen deliverer of his people.;['    Directors:', 'Brenda Chapman, ', 'Steve Hickner, ', 'Simon Wells', None];['Val Kilmer', 'Ralph Fiennes', 'Michelle Pfeiffer', 'Sandra Bullock']
9;Anastasia;1997;Tous publics;94;['Animation', ' Adventure', ' Drama            '];7.1;61;The last surviving child of the Russian Royal Family joins two con men to reunite with her grandmother, the Dowager Empress, while the undead Rasputin seeks her death.;['    Directors:', 'Don Bluth, ', 'Gary Goldman', None];['Meg Ryan', 'John Cusack', 'Christopher Lloyd', 'Kelsey Grammer']
10;La petite boutique des horreurs;1986;Tous publics;94;['Comedy', ' Horror', ' Musical            '];7.1;81;A nerdy florist finds his chance for success and romance with the help of a giant man-eating plant who demands to be fed.;['Frank Oz', None];['Rick Moranis', 'Ellen Greene', 'Vincent Gardenia', 'Levi Stubbs']
11;La grande aventure des Muppets;1981;Tous Public;97;['Adventure', ' Comedy', ' Crime            '];7.1;70;Kermit the Frog, The Great Gonzo, and Fozzie Bear are reporters who travel to Britain to interview a rich victim of jewel thieves and help her along with her secretary, Miss Piggy.;['Jim Henson', None];['Jim Henson', 'Frank Oz', 'Dave Goelz', 'Jerry Nelson']
12;Les Aristochats;1970;Tous publics;78;['Animation', ' Adventure', ' Comedy            '];7.1;66;With the help of a smooth talking tomcat, a family of Parisian felines set to inherit a fortune from their owner try to make it back home after a jealous butler kidnaps them and leaves them in the country.;['Wolfgang Reitherman', None];['Phil Harris', 'Eva Gabor', 'Sterling Holloway', 'Scatman Crothers']
13;Au secours !;1965;Tous Public;92;['Adventure', ' Comedy', ' Musical            '];7.1;58;Sir Ringo Starr finds himself the human sacrifice target of a cult, and his fellow members of The Beatles must try to protect him from it.;['Richard Lester', None];['John Lennon', 'Paul McCartney', 'George Harrison', 'Ringo Starr']
14;Merlin l'enchanteur;1963;Tous publics;79;['Animation', ' Adventure', ' Comedy            '];7.1;61;A poor boy named Arthur learns the power of love, kindness, knowledge and bravery with the help of a wizard called Merlin in the path to become one of the most beloved kings in English history.;['    Directors:', 'Wolfgang Reitherman, ', 'Clyde Geronimi, ', 'David Hand', None];['Rickie Sorensen', 'Sebastian Cabot', 'Karl Swenson', 'Junius Matthews']
15;Blanches colombes et vilains messieurs;1955;Tous publics;150;['Comedy', ' Crime', ' Musical            '];7.1;77;In New York, a gambler is challenged to take a cold female missionary to Havana, but they fall for each other, and the bet has a hidden motive to finance a crap game.;['Joseph L. Mankiewicz', None];['Marlon Brando', 'Jean Simmons', 'Frank Sinatra', 'Vivian Blaine']
16;Les hommes préfèrent les blondes;1953;Tous publics;91;['Comedy', ' Musical', ' Romance            '];7.1;-1;Showgirls Lorelei Lee and Dorothy Shaw travel to Paris, pursued by a private detective hired by the suspicious father of Lorelei's fiancé, as well as a rich, enamored old man and many other doting admirers.;['Howard Hawks', None];['Jane Russell', 'Marilyn Monroe', 'Charles Coburn', 'Elliott Reid']
17;Bob's Burgers: Le Film;2022;10;102;['Animation', ' Adventure', ' Comedy            '];7.0;75;The Belchers try to save the restaurant from closing as a sinkhole forms in front of it, while the kids try to solve a mystery that could save their family's restaurant.;['    Directors:', 'Loren Bouchard, ', 'Bernard Derriman', None];['H. Jon Benjamin', 'Kristen Schaal', 'Dan Mintz', 'John Roberts']
18;8 femmes;2002;Tous publics;111;['Comedy', ' Crime', ' Musical            '];7.0;64;One murdered man, eight women, each seeming to be eager than the others to know the truth. Gimme, gimme, gimme some clues to make up my mind. And eventually enter the truth. Oh, thou cruel woman!;['François Ozon', None];['Fanny Ardant', 'Emmanuelle Béart', 'Danielle Darrieux', 'Catherine Deneuve']
19;Le bossu de Notre-Dame;1996;Tous publics;91;['Animation', ' Drama', ' Family            '];7.0;74;A deformed bell-ringer must assert his independence from a vicious government minister in order to help his friend, a gypsy dancer.;['    Directors:', 'Gary Trousdale, ', 'Kirk Wise', None];['Demi Moore', 'Jason Alexander', 'Mary Kay Bergman', 'Corey Burton']
20;Cannibal! The Musical;1993;12;95;['Comedy', ' Musical', ' Thriller            '];7.0;-1;The sole survivor of an ill-fated mining expedition tells how his taste for gold was replaced by that of human flesh.;['Trey Parker', None];['Trey Parker', 'Dian Bachar', 'Stephen Blackpool', 'Stan Brakhage']
21;Hairspray;1988;Tous publics;92;['Comedy', ' Drama', ' Family            '];7.0;77;A 'pleasantly plump' teenager teaches 1962 Baltimore a thing or two about integration after landing a spot on a local TV dance show.;['John Waters', None];['Sonny Bono', 'Ruth Brown', 'Divine', 'Debbie Harry']
22;L'Apprentie sorcière;1971;Tous publics;117;['Animation', ' Adventure', ' Comedy            '];7.0;59;An apprentice witch, three kids and a cynical magician conman search for the missing component to a magic spell to be used in the defense of Britain in World War II.;['    Directors:', 'Robert Stevenson, ', 'Ward Kimball', None];['Angela Lansbury', 'David Tomlinson', 'Roddy McDowall', 'Sam Jaffe']
23;Hello, Dolly!;1969;Tous Public;146;['Adventure', ' Comedy', ' Musical            '];7.0;51;"Matchmaker Dolly Levi travels to Yonkers to find a partner for ""half-a-millionaire"" Horace Vandergelder, convincing his niece, his niece's intended, and his two clerks to travel to New York City along the way.";['Gene Kelly', None];['Barbra Streisand', 'Walter Matthau', 'Michael Crawford', 'Marianne McAndrew']
24;Drôle de frimousse;1957;Unrated;103;['Comedy', ' Musical', ' Romance            '];7.0;75;An impromptu fashion shoot at a book store brings about a new fashion model discovery in the shop clerk.;['Stanley Donen', None];['Audrey Hepburn', 'Fred Astaire', 'Kay Thompson', 'Michel Auclair']
25;Oklahoma!;1955;Tous Public;145;['Comedy', ' Drama', ' Musical            '];7.0;74;In Oklahoma, several farmers, cowboys and a traveling salesman compete for the romantic favors of various local ladies.;['Fred Zinnemann', None];['Gordon MacRae', 'Gloria Grahame', 'Gene Nelson', 'Charlotte Greenwood']
26;Mélodie du sud;1946;Tous publics;94;['Animation', ' Comedy', ' Family            '];7.0;54;The kindly story-teller Uncle Remus tells a young boy stories about trickster Br'er Rabbit, who outwits Br'er Fox and slow-witted Br'er Bear.;['    Directors:', 'Harve Foster, ', 'Wilfred Jackson', None];['Ruth Warrick', 'Bobby Driscoll', 'James Baskett', 'Luana Patten']
27;Aladdin;2019;Tous publics;128;['Adventure', ' Comedy', ' Family            '];6.9;53;A kind-hearted street urchin and a power-hungry Grand Vizier vie for a magic lamp that has the power to make their deepest wishes come true.;['Guy Ritchie', None];['Will Smith', 'Mena Massoud', 'Naomi Scott', 'Marwan Kenzari']
28;Rio;2011;Tous publics;96;['Animation', ' Adventure', ' Comedy            '];6.9;63;When Blu, a domesticated macaw from small-town Minnesota, meets the fiercely independent Jewel, he takes off on an adventure to Rio de Janeiro with the bird of his dreams.;['Carlos Saldanha', None];['Jesse Eisenberg', 'Anne Hathaway', 'George Lopez', 'Karen Disher']
29;Kaho Naa... Pyaar Hai;2000;NaN;172;['Action', ' Musical', ' Romance            '];6.9;-1;A young girl meets the doppelganger of her deceased boyfriend and now has a chance to find the people who have murdered him.;['Rakesh Roshan', None];['Hrithik Roshan', 'Ameesha Patel', 'Anupam Kher', 'Dalip Tahil']
30;La route d'Eldorado;2000;Tous publics;89;['Animation', ' Adventure', ' Comedy            '];6.9;51;Two swindlers get their hands on a map to the fabled city of gold, El Dorado.;['    Directors:', 'Bibo Bergeron, ', 'Don Paul, ', 'Jeffrey Katzenberg', None];['Kevin Kline', 'Kenneth Branagh', 'Rosie Perez', 'Armand Assante']
31;L'île au trésor des Muppets;1996;Tous Public;99;['Action', ' Adventure', ' Comedy            '];6.9;64;The Muppets' twist on the classic tale.;['    Directors:', 'Brian Henson, ', 'David Lane', None];['Tim Curry', 'Billy Connolly', 'Jennifer Saunders', 'Kevin Bishop']
32;Dingo et Max;1995;Tous publics;78;['Animation', ' Adventure', ' Comedy            '];6.9;53;When Max makes a preposterous promise to a girl he has a crush on, his chances to fulfilling it seem hopeless when he is dragged onto a cross-country trip with his embarrassing father, Goofy.;['Kevin Lima', None];['Bill Farmer', 'Jason Marsden', 'Jim Cummings', 'Kellie Martin']
33;Les news boys;1992;PG;121;['Drama', ' Family', ' History            '];6.9;46;A musical based on the New York City newsboy strike of 1899. When young newspaper sellers are exploited beyond reason by their bosses they set out to enact change and are met by the ruthlessness of big business.;['Kenny Ortega', None];['Christian Bale', 'Bill Pullman', 'Robert Duvall', 'Ann-Margret']
34;Fievel et le Nouveau Monde;1986;Tous publics;80;['Animation', ' Adventure', ' Comedy            '];6.9;38;While emigrating to the United States, a young Russian mouse gets separated from his family and must relocate them while trying to survive in a new country.;['Don Bluth', None];['Dom DeLuise', 'Christopher Plummer', 'Erica Yohn', 'Nehemiah Persoff']
35;Le Petit Monde de Charlotte;1973;NaN;94;['Animation', ' Adventure', ' Drama            '];6.9;73;Wilbur is a farm pig who's terrified that he'll end up on the dinner table. His friend Charlotte, a charming spider, comes to his rescue. She weaves words into her web, convincing the farmer that Wilbur is too special a pig to kill.;['    Directors:', 'Charles A. Nichols, ', 'Iwao Takamoto', None];['Debbie Reynolds', 'Henry Gibson', 'Paul Lynde', 'Rex Allen']
36;Chitty Chitty Bang Bang;1968;Tous publics;144;['Adventure', ' Family', ' Fantasy            '];6.9;64;A down-on-his-luck inventor turns a broken-down Grand Prix car into a fancy vehicle for his children, and then they go off on a magical fantasy adventure to save their grandfather in a far-off land.;['Ken Hughes', None];['Dick Van Dyke', 'Sally Ann Howes', 'Lionel Jeffries', 'Benny Hill']
37;La Haute Société;1956;Tous publics;111;['Comedy', ' Musical', ' Romance            '];6.9;65;With socialite Tracy Lord about to remarry, her ex-husband - with the help of a sympathetic reporter - has 48 hours to convince her that she really still loves him.;['Charles Walters', None];['Bing Crosby', 'Grace Kelly', 'Frank Sinatra', 'Celeste Holm']
38;Le Roi Lion;2019;Tous publics;118;['Animation', ' Adventure', ' Drama            '];6.8;55;After the murder of his father, a young lion prince flees his kingdom only to learn the true meaning of responsibility and bravery.;['Jon Favreau', None];['Donald Glover', 'Beyoncé', 'Seth Rogen', 'Chiwetel Ejiofor']
39;La Reine des Neiges 2;2019;Tous publics;103;['Animation', ' Adventure', ' Comedy            '];6.8;64;Anna, Elsa, Kristoff, Olaf and Sven leave Arendelle to travel to an ancient, autumn-bound forest of an enchanted land. They set out to find the origin of Elsa's powers in order to save their kingdom.;['    Directors:', 'Chris Buck, ', 'Jennifer Lee', None];['Kristen Bell', 'Idina Menzel', 'Josh Gad', 'Jonathan Groff']
40;Bienvenue chez les Robinson;2007;Tous Public;95;['Animation', ' Adventure', ' Comedy            '];6.8;61;Lewis is a brilliant inventor who meets mysterious stranger named Wilbur Robinson, whisking Lewis away in a time machine and together they team up to track down Bowler Hat Guy in a showdown that ends with an unexpected twist of fate.;['Stephen J. Anderson', None];['Daniel Hansen', 'Wesley Singerman', 'Angela Bassett', 'Jordan Fry']
41;Tenacious D in the Pick of Destiny;2006;Tous publics;94;['Adventure', ' Comedy', ' Music            '];6.8;55;To become the greatest band of all time, two slacker, wannabe-rockers set out on a quest to steal a legendary guitar pick that gives its holders incredible guitar skills, from a maximum security Rock and Roll museum.;['Liam Lynch', None];['Jack Black', 'Kyle Gass', 'JR Reed', 'Ronnie James Dio']
42;Frère des ours;2003;Tous publics;85;['Animation', ' Adventure', ' Comedy            '];6.8;48;When a young Inuit hunter needlessly kills a bear, he is magically changed into a bear himself as punishment with a talkative cub being his only guide to changing back.;['    Directors:', 'Aaron Blaise, ', 'Robert Walker', None];['Joaquin Phoenix', 'Jeremy Suarez', 'Rick Moranis', 'Jason Raize']
43;Rent;2005;Tous Public;135;['Drama', ' Musical', ' Romance            '];6.8;53;This is the film version of the Pulitzer and Tony Award winning musical about Bohemians in the East Village of New York City struggling with life, love and AIDS, and the impacts they have on America.;['Chris Columbus', None];['Taye Diggs', 'Wilson Jermaine Heredia', 'Rosario Dawson', 'Anthony Rapp']
44;Les Muppets à Manhattan;1984;Tous Public;94;['Adventure', ' Comedy', ' Drama            '];6.8;64;Kermit and his friends go to New York City to get their musical on Broadway only to find it's a more difficult task than they anticipated.;['Frank Oz', None];['Jim Henson', 'Frank Oz', 'Dave Goelz', 'Steve Whitmire']
45;La folle histoire du monde;1981;Tous publics;92;['Comedy', ' History', ' Musical            '];6.8;47;Mel Brooks brings his one-of-a-kind comic touch to the history of mankind covering events from the Old Testament to the French Revolution in a series of episodic comedy vignettes.;['Mel Brooks', None];['Mel Brooks', 'Gregory Hines', 'Dom DeLuise', 'Madeline Kahn']
46;Du rififi chez les mômes;1976;Tous publics;93;['Comedy', ' Crime', ' Family            '];6.8;71;The classic gangster story of Bugsy Malone told with an all-child cast.;['Alan Parker', None];['Jodie Foster', 'Scott Baio', 'Florence Garland', 'John Cassisi']
47;Teen Titans Go! Le film;2018;Tous publics;84;['Animation', ' Action', ' Adventure            '];6.7;69;A villain's maniacal plan for world domination sidetracks five teenage superheroes who dream of Hollywood stardom.;['    Directors:', 'Aaron Horvath, ', 'Peter Rida Michail', None];['Greg Cipes', 'Scott Menville', 'Khary Payton', 'Tara Strong']
48;Vivo;I) (2021;7;95;['Animation', ' Adventure', ' Comedy            '];6.7;66;Vivo, Sony Pictures Animation's first-ever musical adventure featuring all-new original songs from Lin-Manuel Miranda, will take audiences on an epic adventure to gorgeous and vibrant locations never before seen in animation.;['    Directors:', 'Kirk DeMicco, ', 'Brandon Jeffords', None];['Lin-Manuel Miranda', 'Ynairaly Simo', 'Zoe Saldana', 'Juan de Marcos González']
49;Le retour de Mary Poppins;2018;Tous Publics;130;['Animation', ' Adventure', ' Comedy            '];6.7;66;A few decades after her original visit, Mary Poppins, the magical nanny, returns to help the Banks siblings and Michael's children through a difficult time in their lives.;['Rob Marshall', None];['Emily Blunt', 'Lin-Manuel Miranda', 'Ben Whishaw', 'Emily Mortimer']
0;Popstar: Célèbre à tout prix;2016;R;87;['Comedy', ' Drama', ' Musical            '];6.7;68;When it becomes clear that his solo album is a failure, a former boy band member does everything in his power to maintain his celebrity status.;['    Directors:', 'Akiva Schaffer, ', 'Jorma Taccone', None];['Andy Samberg', 'Jorma Taccone', 'Akiva Schaffer', 'Sarah Silverman']
1;Hairspray;2007;Tous publics;117;['Comedy', ' Drama', ' Musical            '];6.7;81;Pleasantly plump teenager Tracy Turnblad teaches 1962 Baltimore a thing or two about integration after landing a spot on a local TV dance show.;['Adam Shankman', None];['John Travolta', 'Queen Latifah', 'Nikki Blonsky', 'Michelle Pfeiffer']
2;The Last Show;2006;Tous Public;105;['Comedy', ' Drama', ' Music            '];6.7;75;A look at what goes on backstage during the last broadcast of America's most celebrated radio show, where singing cowboys Dusty and Lefty, a country music siren, and a host of others hold court.;['Robert Altman', None];['Lily Tomlin', 'Meryl Streep', 'Woody Harrelson', 'John C. Reilly']
3;Charlie et la Chocolaterie;2005;Tous publics;115;['Adventure', ' Comedy', ' Family            '];6.7;72;A young boy wins a tour through the most magnificent chocolate factory in the world, led by the world's most unusual candy maker.;['Tim Burton', None];['Johnny Depp', 'Freddie Highmore', 'David Kelly', 'Helena Bonham Carter']
4;Las Vegas Boy;2004;PG-13;118;['Biography', ' Drama', ' Music            '];6.7;46;"A swooning study of ""Mack the Knife"" singer Bobby Darin and specifically his relationship with wife Sandra Dee.";['Kevin Spacey', None];['Kevin Spacey', 'Kate Bosworth', 'John Goodman', 'Bob Hoskins']
5;Yes Boss;1997;NaN;163;['Comedy', ' Drama', ' Musical            '];6.7;-1;Rahul Joshi wants to be a successful businessman so he works hard for his boss Siddharth. One day Rahul meets Seema, an up and coming model, and he feels like he's finally met his match. Will Seema fall for Rahul?;['Aziz Mirza', None];['Shah Rukh Khan', 'Juhi Chawla', 'Aditya Pancholi', 'Kashmira Shah']
6;James et la pêche géante;1996;Tous Public;79;['Animation', ' Adventure', ' Family            '];6.7;78;An orphan who lives with his two cruel aunts befriends anthropomorphic bugs who live inside a giant peach, and they embark on a journey to New York City.;['Henry Selick', None];['Paul Terry', 'Joanna Lumley', 'Pete Postlethwaite', 'Simon Callow']
7;Tout le monde dit I love you;1996;Tous publics;101;['Comedy', ' Musical', ' Romance            '];6.7;-1;A New York girl sets her father up with a beautiful woman in a troubled marriage while her stepsister gets engaged.;['Woody Allen', None];['Woody Allen', 'Goldie Hawn', 'Julia Roberts', 'Edward Norton']
8;Pocahontas, une légende indienne;I) (1995;Tous publics;81;['Animation', ' Adventure', ' Drama            '];6.7;58;An English soldier and the daughter of an Algonquin chief share a romance when English colonists invade seventeenth century Virginia.;['    Directors:', 'Mike Gabriel, ', 'Eric Goldberg', None];['Mel Gibson', 'Linda Hunt', 'Christian Bale', 'Joe Baker']
9;Sacré Robin des Bois;1993;Tous Public;104;['Adventure', ' Comedy', ' Musical            '];6.7;44;A spoof of Robin Hood in general, and Robin des bois: Prince des voleurs (1991) in particular.;['Mel Brooks', None];['Cary Elwes', 'Richard Lewis', 'Roger Rees', 'Amy Yasbeck']
10;Charlie, mon héros;1989;Tous publics;84;['Animation', ' Adventure', ' Comedy            '];6.7;50;A canine angel, Charlie, sneaks back to earth from heaven but ends up befriending an orphan girl who can speak to animals. In the process, Charlie learns that friendship is the most heavenly gift of all.;['    Directors:', 'Don Bluth, ', 'Gary Goldman, ', 'Dan Kuenster', None];['Dom DeLuise', 'Burt Reynolds', 'Loni Anderson', 'Judith Barsi']
11;Guava Island;2019;NaN;55;['Comedy', ' Drama', ' Music            '];6.6;-1;A young musician seeks to hold a festival to liberate the oppressed people of Guava Island, even if only for a day.;['Hiro Murai', None];['Donald Glover', 'Rihanna', 'Letitia Wright', 'Nonso Anozie']
12;Mamma Mia! Here We Go Again;2018;Tous publics;114;['Comedy', ' Musical', ' Romance            '];6.6;60;Five years after the events of Mamma Mia! (2008), Sophie prepares for the grand reopening of the Hotel Bella Donna as she learns more about her mother's past.;['Ol Parker', None];['Lily James', 'Amanda Seyfried', 'Meryl Streep', 'Cher']
13;Yéti & Compagnie;2018;Tous publics;96;['Animation', ' Adventure', ' Comedy            '];6.6;60;"High up on a mountain peak surrounded by clouds, a secret Yeti society lives in peace and harmony. One day, a Yeti witnesses an airplane crash; Inside lies ""Smallfoot"", a legendary creature that will rock the society to its core.";['    Directors:', 'Karey Kirkpatrick, ', 'Jason Reisig', None];['Channing Tatum', 'James Corden', 'Zendaya', 'Common']
14;La Grande Aventure Lego 2;2019;Tous publics;107;['Animation', ' Action', ' Adventure            '];6.6;65;It's been five years since everything was awesome and the citizens are facing a huge new threat: Lego Duplo invaders from outer space, wrecking everything faster than they can rebuild.;['Mike Mitchell', None];['Chris Pratt', 'Elizabeth Banks', 'Will Arnett', 'Tiffany Haddish']
15;Dreamgirls;2006;Tous Public;130;['Drama', ' Music', ' Musical            '];6.6;76;A trio of black female soul singers cross over to the pop charts in the early 1960s, facing their own personal struggles along the way.;['Bill Condon', None];['Beyoncé', 'Jamie Foxx', 'Eddie Murphy', 'Danny Glover']
16;De-Lovely;2004;Tous Public;125;['Biography', ' Drama', ' Music            '];6.6;53;Inspecting a magical biographical stage musical, composer Cole Porter reviews his life and career with his wife, Linda.;['Irwin Winkler', None];['Kevin Kline', 'Ashley Judd', 'Jonathan Pryce', 'Kevin McNally']
17;Le Pôle Express;2004;Tous publics;100;['Animation', ' Adventure', ' Comedy            '];6.6;61;On Christmas Eve, a young boy embarks on a magical adventure to the North Pole on the Polar Express, while learning about friendship, bravery, and the spirit of Christmas.;['Robert Zemeckis', None];['Tom Hanks', 'Chris Coppola', 'Michael Jeter', 'Leslie Zemeckis']
18;Les Feebles;1989;12;97;['Comedy', ' Music', ' Musical            '];6.6;-1;Multiple animals and insects experience the sleazier side of show business while working on a variety show.;['Peter Jackson', None];['Danny Mulheron', 'Donna Akersten', 'Stuart Devenie', 'Mark Hadlow']
19;Oliver & Compagnie;1988;Tous publics;74;['Animation', ' Adventure', ' Comedy            '];6.6;58;A lost and alone kitten joins a gang of dogs engaged in petty larceny in New York City.;['George Scribner', None];['Joey Lawrence', 'Billy Joel', 'Cheech Marin', 'Richard Mulligan']
20;Annie;1982;Tous publics;126;['Comedy', ' Drama', ' Family            '];6.6;39;A spunky young orphan is taken in by a rich eccentric, much to the chagrin of the cantankerous woman who runs the orphanage.;['John Huston', None];['Aileen Quinn', 'Albert Finney', 'Carol Burnett', 'Ann Reinking']
21;Fame;1980;Tous publics;134;['Drama', ' Music', ' Musical            '];6.6;58;A chronicle of the lives of several teenagers who attend a New York high school for students gifted in the performing arts.;['Alan Parker', None];['Eddie Barth', 'Irene Cara', 'Lee Curreri', 'Laura Dean']
22;New York, New York;1977;Tous publics;155;['Drama', ' Music', ' Musical            '];6.6;64;An egotistical saxophonist and a young lounge singer meet on VJ Day and embark upon a strained and rocky romance, even as their careers begin a long, uphill climb.;['Martin Scorsese', None];['Liza Minnelli', 'Robert De Niro', 'Lionel Stander', 'Barry Primus']
23;Tommy;1975;12;111;['Drama', ' Musical            '];6.6;66;A psychosomatically blind, deaf, and mute boy becomes a master pinball player and, subsequently, the figurehead of a cult.;['Ken Russell', None];['Roger Daltrey', 'Ann-Margret', 'Oliver Reed', 'Elton John']
24;La kermesse de l'Ouest;1969;Tous Public;164;['Comedy', ' Drama', ' Musical            '];6.6;50;Two unlikely prospector partners share the same wife in a California gold rush mining town.;['Joshua Logan', None];['Lee Marvin', 'Clint Eastwood', 'Jean Seberg', 'Harve Presnell']
25;Gigi;1958;Tous Public;115;['Comedy', ' Musical', ' Romance            '];6.6;82;Weary of the conventions of Parisian society, a rich playboy and a youthful courtesan-in-training enjoy a platonic friendship which may not stay platonic for long.;['    Directors:', 'Vincente Minnelli, ', 'Charles Walters', None];['Leslie Caron', 'Maurice Chevalier', 'Louis Jourdan', 'Hermione Gingold']
26;Eurovision Song Contest: The Story of Fire Saga;2020;13;123;['Comedy', ' Musical            '];6.5;50;When aspiring musicians Lars and Sigrit are given the opportunity to represent their country at the world's biggest song competition, they finally have a chance to prove that any dream worth having is a dream worth fighting for.;['David Dobkin', None];['Will Ferrell', 'Rachel McAdams', 'Dan Stevens', 'Mikael Persbrandt']
27;Mamma Mia!;2008;Tous publics;108;['Comedy', ' Musical', ' Romance            '];6.5;51;The story of a bride-to-be trying to find her real father told using hit songs by the popular 1970s group ABBA.;['Phyllida Lloyd', None];['Meryl Streep', 'Pierce Brosnan', 'Amanda Seyfried', 'Stellan Skarsgård']
28;La véritable histoire du Petit Chaperon Rouge;2005;Tous publics;80;['Animation', ' Adventure', ' Comedy            '];6.5;45;Little Red Riding Hood, the Wolf, the Woodsman, and Granny all tell the police the events that led up to their encounter.;['    Directors:', 'Cory Edwards, ', 'Todd Edwards, ', 'Tony Leech', None];['Anne Hathaway', 'Glenn Close', 'Patrick Warburton', 'Jim Belushi']
29;Les aventures de Zak et Crysta dans la forêt tropicale de FernGully;1992;Tous publics;76;['Animation', ' Adventure', ' Family            '];6.5;67;The magical inhabitants of a rainforest fight to save their home, which is threatened by logging and a polluting force of destruction called Hexxus.;['Bill Kroyer', None];['Samantha Mathis', 'Christian Slater', 'Robin Williams', 'Tim Curry']
30;Yentl;1983;Tous publics;133;['Drama', ' Musical', ' Romance            '];6.5;68;A Jewish girl disguises herself as a boy to enter religious training.;['Barbra Streisand', None];['Barbra Streisand', 'Amy Irving', 'Mandy Patinkin', 'Nehemiah Persoff']
31;Jingle Jangle: Un Noël enchanté;2020;PG;122;['Family', ' Fantasy', ' Musical            '];6.4;69;An imaginary world comes to life in a holiday tale of an eccentric toymaker, his adventurous granddaughter, and a magical invention that has the power to change their lives forever.;['David E. Talbert', None];['Forest Whitaker', 'Keegan-Michael Key', 'Hugh Bonneville', 'Anika Noni Rose']
32;Opération Muppets;2014;Tous Public;107;['Adventure', ' Comedy', ' Crime            '];6.4;61;While on a grand world tour, The Muppets find themselves wrapped into an European jewel-heist caper headed by a Kermit the Frog look-alike and his dastardly sidekick.;['James Bobin', None];['Ricky Gervais', 'Ty Burrell', 'Tina Fey', 'Steve Whitmire']
33;Les Trolls;2016;Tous publics;92;['Animation', ' Adventure', ' Comedy            '];6.4;55;After the Bergens invade Troll Village, Poppy, the happiest Troll ever born, and the curmudgeonly Branch set off on a journey to rescue her friends.;['    Directors:', 'Mike Mitchell, ', 'Walt Dohrn', None];['Anna Kendrick', 'Justin Timberlake', 'Zooey Deschanel', 'Christopher Mintz-Plasse']
34;Le Lorax;2012;Tous publics;86;['Animation', ' Adventure', ' Comedy            '];6.4;46;A 12-year-old boy searches for the one thing that will enable him to win the affection of the girl of his dreams. To find it he must discover the story of the Lorax, the grumpy yet charming creature who fights to protect his world.;['    Directors:', 'Chris Renaud, ', 'Kyle Balda', None];['Zac Efron', 'Taylor Swift', 'Danny DeVito', 'Ed Helms']
35;Cyrano;2021;Tous publics;123;['Drama', ' Musical', ' Romance            '];6.4;66;Too self-conscious to woo Roxanne himself, wordsmith Cyrano de Bergerac helps young Christian nab her heart through love letters.;['Joe Wright', None];['Peter Dinklage', 'Haley Bennett', 'Kelvin Harrison Jr.', 'Ben Mendelsohn']
36;Burlesque;I) (2010;Tous publics;119;['Drama', ' Music', ' Musical            '];6.4;47;A small-town girl ventures to Los Angeles and finds her place in a neo-burlesque club run by a former dancer.;['Steve Antin', None];['Cher', 'Christina Aguilera', 'Alan Cumming', 'Eric Dane']
37;Repo! The Genetic Opera;2008;R;98;['Horror', ' Musical', ' Sci-Fi            '];6.4;32;A worldwide epidemic encourages a biotech company to launch an organ-financing program similar in nature to a standard car loan. The repossession clause is a killer, however.;['Darren Lynn Bousman', None];['Paul Sorvino', 'Anthony Head', 'Alexa PenaVega', 'Sarah Brightman']
38;Happy Feet;2006;Tous publics;108;['Animation', ' Adventure', ' Comedy            '];6.4;77;Into the world of the Emperor Penguins, who find their soul mates through song, a penguin is born who cannot sing. But he can tap dance something fierce!;['    Directors:', 'George Miller, ', 'Warren Coleman, ', 'Judy Morris', None];['Elijah Wood', 'Brittany Murphy', 'Hugh Jackman', 'Robin Williams']
39;Le cygne et la princesse;1994;Tous publics;93;['Animation', ' Adventure', ' Comedy            '];6.4;70;A power-hungry sorcerer curses a princess to live as a swan by day in this tale of everlasting love.;['Richard Rich', None];['Jack Palance', 'Howard McGillin', 'Michelle Nicastro', 'Liz Callaway']
40;Fievel au Far West;1991;Tous Public;75;['Animation', ' Adventure', ' Family            '];6.4;-1;Fievel's family decides to move out to the West, unaware that they are falling into a trap perpetrated by a smooth-talking cat.;['    Directors:', 'Phil Nibbelink, ', 'Simon Wells', None];['James Stewart', 'John Cleese', 'Amy Irving', 'Phillip Glasser']
41;Cry-Baby;1990;Tous publics;85;['Comedy', ' Musical            '];6.4;63;In 1950s Baltimore, a bad boy with a heart of gold wins the love of a good girl, whose boyfriend sets out for revenge.;['John Waters', None];['Johnny Depp', 'Ricki Lake', 'Amy Locane', 'Susan Tyrrell']
42;Le chanteur de jazz;1927;Tous Public;88;['Drama', ' Music', ' Musical            '];6.4;66;The son of a Jewish Cantor must defy the traditions of his religious father in order to pursue his dream of becoming a jazz singer.;['Alan Crosland', None];['Al Jolson', 'May McAvoy', 'Warner Oland', 'Eugenie Besserer']
43;Voyage vers la Lune;2020;Tous publics;95;['Animation', ' Adventure', ' Comedy            '];6.3;60;In this animated musical, a girl builds a rocket ship and blasts off, hoping to meet a mythical moon goddess.;['    Directors:', 'Glen Keane, ', 'John Kahrs', None];['Glen Keane', 'Brycen Hall', 'Ruthie Ann Miles', 'John Cho']
44;Annette;2021;Tous publics;141;['Drama', ' Musical', ' Romance            '];6.3;67;A stand-up comedian and his opera singer wife have a two-year-old daughter with a surprising gift.;['Leos Carax', None];['Adam Driver', 'Marion Cotillard', 'Simon Helberg', 'Devyn McDowell']
45;Le Grinch;2018;Tous publics;85;['Animation', ' Comedy', ' Family            '];6.3;51;A grumpy Grinch plots to ruin Christmas for the village of Whoville.;['    Directors:', 'Yarrow Cheney, ', 'Scott Mosier', None];['Benedict Cumberbatch', 'Cameron Seely', 'Rashida Jones', 'Pharrell Williams']
46;Rio 2;2014;Tous publics;101;['Animation', ' Adventure', ' Comedy            '];6.3;49;It's a jungle out there for Blu, Jewel, and their three kids after they're hurtled from Rio de Janeiro to the wilds of the Amazon. As Blu tries to fit in, he goes beak-to-beak with the vengeful Nigel and meets his father-in-law.;['Carlos Saldanha', None];['Jesse Eisenberg', 'Anne Hathaway', 'Jemaine Clement', 'Andy Garcia']
47;Les producteurs;2005;Tous Public;134;['Comedy', ' Crime', ' Musical            '];6.3;52;After putting together another Broadway flop, down-on-his-luck producer Max Bialystock teams up with timid accountant Leo Bloom in a get-rich-quick scheme to put on the world's worst show.;['Susan Stroman', None];['Nathan Lane', 'Matthew Broderick', 'Uma Thurman', 'Will Ferrell']
48;Les aventures de Tigrou et de Winnie l'ourson;2000;Tous publics;77;['Animation', ' Adventure', ' Comedy            '];6.3;53;Tigger goes looking through the hundred-acre-wood to find his family.;['Jun Falkenstein', None];['Jim Cummings', 'Nikita Hopkins', 'Ken Sansom', 'John Fiedler']
49;Evita;1996;Tous publics;135;['Biography', ' Drama', ' History            '];6.3;45;The hit musical based on the life of Eva Perón (Evita Duarte), a B-picture Argentinian actress who eventually became the wife of Argentinian president Juan Domingo Perón, and the most beloved and hated woman in Argentina.;['Alan Parker', None];['Madonna', 'Jonathan Pryce', 'Antonio Banderas', 'Jimmy Nail']
0;Peter et Elliott le dragon;1977;Tous publics;128;['Animation', ' Adventure', ' Comedy            '];6.3;46;An orphan boy and his magical dragon come to town with his abusive adoptive parents in pursuit.;['    Directors:', 'Don Chaffey, ', 'Don Bluth', None];['Sean Marshall', 'Helen Reddy', 'Jim Dale', 'Mickey Rooney']
1;Les trois caballeros;1944;Tous Public;71;['Animation', ' Comedy', ' Family            '];6.3;85;Donald receives his birthday gifts, which include traditional gifts and information about Brazil (hosted by Zé Carioca) and Mexico (by Panchito, a Mexican Charro Rooster).;['    Directors:', 'Norman Ferguson, ', 'Clyde Geronimi, ', 'Jack Kinney, ', 'Bill Roberts, ', 'Harold Young', None];['Aurora Miranda', 'Carmen Molina', 'Dora Luz', 'Sterling Holloway']
2;La Belle et le Clochard;2019;0+;111;['Adventure', ' Comedy', ' Family            '];6.2;48;The romantic tale of a sheltered uptown Cocker Spaniel dog and a streetwise downtown Mutt.;['Charlie Bean', None];['Tessa Thompson', 'Justin Theroux', 'Sam Elliott', 'Ashley Jensen']
3;Romance & Cigarettes;2005;R;105;['Comedy', ' Musical', ' Romance            '];6.2;55;This down-and-dirty musical set in the world of working-class New York tells the story of a husband's journey into infidelity and redemption when he must choose between his seductive mistress and his beleaguered wife.;['John Turturro', None];['James Gandolfini', 'Susan Sarandon', 'Kate Winslet', 'Steve Buscemi']
4;Coup de foudre à Bollywood;2004;Tous publics;122;['Comedy', ' Drama', ' Musical            '];6.2;55;A modern adaptation of Jane Austen's classic novel, Pride and Prejudice, that features the lives of four unmarried daughters in an Indian family.;['Gurinder Chadha', None];['Martin Henderson', 'Aishwarya Rai Bachchan', 'Nadira Babbar', 'Anupam Kher']
5;Excalibur, l'épée magique;1998;Tous publics;86;['Animation', ' Adventure', ' Comedy            '];6.2;50;An adventurous girl, a young blind hermit, and a goofy two-headed dragon race to find the lost sword Excalibur to save King Arthur and Camelot from disaster.;['Frederik Du Chau', None];['Jessalyn Gilsig', 'Cary Elwes', 'Andrea Corr', 'Bryan White']
6;Poucelina;1994;Tous publics;86;['Animation', ' Adventure', ' Family            '];6.2;-1;This retelling of the Hans Christian Andersen classic fairy tale has the digit-sized heroine evading the clutches of various toads, moles, and beetles before she can proceed with her courtship with her dream lover, Prince Cornelius.;['    Directors:', 'Don Bluth, ', 'Gary Goldman', None];['Jodi Benson', 'Gary Imhoff', 'Gino Conforti', 'Barbara Cook']
7;Chorus Line;1985;Tous publics;113;['Drama', ' Music', ' Musical            '];6.2;46;Hopefuls try out before a demanding director for a part in a new musical.;['Richard Attenborough', None];['Michael Douglas', 'Terrence Mann', 'Michael Blevins', 'Yamil Borges']
8;Cher Evan Hansen;2021;PG-13;137;['Drama', ' Musical            '];6.1;39;Film adaptation of the Tony and Grammy Award-winning musical about Evan Hansen, a high school senior with Social Anxiety disorder and his journey of self-discovery and acceptance following the suicide of a fellow classmate.;['Stephen Chbosky', None];['Ben Platt', 'Julianne Moore', 'Kaitlyn Dever', 'Amy Adams']
9;Les Trolls 2 : Tournée mondiale;2020;Tous publics;91;['Animation', ' Adventure', ' Comedy            '];6.1;51;When the Queen of the Hard Rock Trolls tries to take over all the Troll kingdoms, Queen Poppy and her friends try different ways to save all the Trolls.;['    Directors:', 'Walt Dohrn, ', 'David P. Smith', None];['Anna Kendrick', 'Justin Timberlake', 'Rachel Bloom', 'James Corden']
10;Anna et L'apocalypse;2017;R;93;['Comedy', ' Horror', ' Musical            '];6.0;63;A zombie apocalypse threatens the sleepy town of Little Haven - at Christmas - forcing Anna and her friends to fight, slash and sing their way to survival, facing the undead in a desperate race to reach their loved ones. But they soon discover that no one is safe in this new world, and with civilization falling apart around them, the only people they can truly rely on are each other.;['John McPhail', None];['Ella Hunt', 'Malcolm Cumming', 'Sarah Swire', 'Christopher Leveaux']
11;La cage aux poules;1982;Tous publics;114;['Comedy', ' Musical            '];6.0;40;A town's Sheriff and regular patron of a historical whorehouse fights to keep it running when a television reporter targets it as the Devil's playhouse.;['Colin Higgins', None];['Burt Reynolds', 'Dolly Parton', 'Dom DeLuise', 'Charles Durning']
12;Chi-Raq;2015;R;127;['Comedy', ' Crime', ' Drama            '];5.9;77;A modern day adaptation of the ancient Greek play Lysistrata by Aristophanes, set against the backdrop of gang violence in Chicago, Illinois.;['Spike Lee', None];['Nick Cannon', 'Teyonah Parris', 'Wesley Snipes', 'Angela Bassett']
13;Isn't It Romantic;2019;13;89;['Comedy', ' Fantasy', ' Musical            '];5.9;60;A young woman disenchanted with love mysteriously finds herself trapped inside a romantic comedy.;['Todd Strauss-Schulson', None];['Rebel Wilson', 'Liam Hemsworth', 'Adam Devine', 'Priyanka Chopra Jonas']
14;Into the Woods: Promenons-nous dans les bois;2014;Tous publics;125;['Adventure', ' Comedy', ' Drama            '];5.9;69;A witch tasks a childless baker and his wife with procuring magical items from classic fairy tales to reverse the curse put on their family tree.;['Rob Marshall', None];['Anna Kendrick', 'Meryl Streep', 'Chris Pine', 'Emily Blunt']
15;Rock Forever;2012;Tous publics;123;['Comedy', ' Drama', ' Musical            '];5.9;47;A small-town girl and a city boy meet on the Sunset Strip while pursuing their Hollywood dreams.;['Adam Shankman', None];['Julianne Hough', 'Diego Boneta', 'Tom Cruise', 'Alec Baldwin']
16;The Prom;2020;13;130;['Comedy', ' Drama', ' Musical            '];5.9;55;A troupe of hilariously self-obsessed theater stars swarm into a small conservative Indiana town in support of a high school girl who wants to take her girlfriend to the prom.;['Ryan Murphy', None];['Meryl Streep', 'James Corden', 'Nicole Kidman', 'Kerry Washington']
17;Gnomeo et Juliette;2011;Tous Public;84;['Animation', ' Adventure', ' Comedy            '];5.9;53;Separated by a garden fence and a feud, are blue gnomes on one side and red gnomes on the other. This doesn't stop blue Gnomeo and red Juliet from falling in love with each other. Do they have a future together?;['Kelly Asbury', None];['James McAvoy', 'Emily Blunt', 'Maggie Smith', 'Ashley Jensen']
18;Les Razmoket : Le Film;1998;Tous publics;79;['Animation', ' Adventure', ' Comedy            '];5.9;62;The babies gets lost in the forest after Tommy Pickles gets a new baby brother.;['    Directors:', 'Igor Kovalyov, ', 'Norton Virgien', None];['Elizabeth Daily', 'Christine Cavanaugh', 'Kath Soucie', 'Melanie Chartoff']
19;The Last Five Years;2014;PG-13;94;['Comedy', ' Drama', ' Musical            '];5.8;60;A struggling actress and her novelist lover each illustrate the struggle and deconstruction of their love affair.;['Richard LaGravenese', None];['Anna Kendrick', 'Jeremy Jordan', 'Tamara Mintz', 'Cassandra Inman']
20;Happy Feet 2;2011;Tous publics;117;['Animation', ' Adventure', ' Comedy            '];5.8;50;Mumble's son, Erik, is struggling to realize his talents in the Emperor Penguin world. Meanwhile, Mumble and his family and friends discover a new threat their home -- one that will take everyone working together to save them.;['    Directors:', 'George Miller, ', 'Gary Eck, ', 'David Peers', None];['Elijah Wood', 'Robin Williams', 'Pink', 'Carlos Alazraqui']
21;Nine;2009;Tous Public;118;['Drama', ' Musical', ' Romance            '];5.8;49;Famous film director Guido Contini struggles to find harmony in his professional and personal lives, as he engages in dramatic relationships with his wife, his mistress, his muse, his agent, and his mother.;['Rob Marshall', None];['Daniel Day-Lewis', 'Marion Cotillard', 'Penélope Cruz', 'Sandro Dori']
22;Trouve ta voix;2004;PG;107;['Family', ' Music', ' Musical            '];5.8;33;A girl from a small town heads to the big city of Los Angeles to spend the summer at a performing arts high school.;['Sean McNamara', None];['Hilary Duff', 'John Corbett', 'Rebecca De Mornay', 'Oliver James']
23;Strange Magic;2015;Tous Public;99;['Animation', ' Adventure', ' Comedy            '];5.7;25;Goblins, elves, fairies and imps, and their misadventures sparked by the battle over a powerful potion.;['Gary Rydstrom', None];['Evan Rachel Wood', 'Elijah Kelley', 'Kristin Chenoweth', 'Maya Rudolph']
24;Bang Bang;I) (2014;NaN;153;['Action', ' Adventure', ' Comedy            '];5.6;-1;A young bank receptionist gets mixed up with Rajveer Nanda, a man who has a mysterious background.;['Siddharth Anand', None];['Hrithik Roshan', 'Katrina Kaif', 'Pawan Malhotra', 'Danny Denzongpa']
25;Joe's Apartment;1996;PG-13;80;['Comedy', ' Fantasy', ' Musical            '];5.5;-1;A nice guy has just moved to New York and discovers that he must share his run-down apartment with a couple thousand singing, dancing cockroaches.;['John Payson', None];"[""Jerry O'Connell"", 'Megan Ward', 'Billy West', 'Reginald Hudlin']"
26;Objectif Terrienne;1988;NaN;100;['Comedy', ' Musical', ' Romance            '];5.4;66;A Southern California girl befriends three furry aliens after their spaceship lands in her swimming pool.;['Julien Temple', None];['Geena Davis', 'Jeff Goldblum', 'Jim Carrey', 'Damon Wayans']
27;The Wiz;1978;Tous Public;134;['Adventure', ' Family', ' Fantasy            '];5.4;53;"An adaptation of ""The Wizard of Oz"" that tries to capture the essence of the African-American experience.";['Sidney Lumet', None];['Diana Ross', 'Michael Jackson', 'Nipsey Russell', 'Ted Ross']
28;Annie;2014;Tous publics;118;['Comedy', ' Drama', ' Family            '];5.3;33;A foster kid, who lives with her mean foster mom, sees her life change when business tycoon and New York City mayoral candidate Will Stacks makes a thinly-veiled campaign move and takes her in.;['Will Gluck', None];['Quvenzhané Wallis', 'Cameron Diaz', 'Jamie Foxx', 'Rose Byrne']
29;La ferme se rebelle;2004;Tous publics;76;['Animation', ' Adventure', ' Comedy            '];5.3;50;To save their farm, the resident animals go bounty hunting for a notorious outlaw.;['    Directors:', 'Will Finn, ', 'John Sanford', None];['Judi Dench', 'Cuba Gooding Jr.', 'Jennifer Tilly', 'Randy Quaid']
30;Le livre de la jungle 2;2003;Tous publics;72;['Animation', ' Adventure', ' Comedy            '];5.3;38;Mowgli, missing the jungle and his old friends, runs away from the man village unaware of the danger he's in by going back to the wild.;['Steve Trenbirth', None];['John Goodman', 'Haley Joel Osment', 'Tony Jay', 'Mae Whitman']
31;Les 8 folles nuits d'Adam Sandler;2002;Tous publics;76;['Animation', ' Comedy', ' Musical            '];5.3;23;Davey Stone, an alcoholic with a criminal record, is sentenced to community service under the supervision of an elderly referee. Davey is then faced with trying to reform and abandon his bad habits.;['Seth Kearsley', None];['Adam Sandler', 'Rob Schneider', 'Jackie Sandler', 'Austin Stout']
32;Tom et Jerry: la grande évasion;1992;Tous Public;84;['Animation', ' Adventure', ' Comedy            '];5.3;-1;Cat and mouse duo Tom and Jerry reluctantly work together to save a young girl from her evil aunt.;['Phil Roman', None];['Richard Kind', 'Dana Hill', 'Anndi McAfee', 'Tony Jay']
33;Xanadu;1980;Tous publics;96;['Fantasy', ' Musical', ' Romance            '];5.3;31;A struggling artist living in Los Angeles meets a girl who may hold the key to his happiness.;['Robert Greenwald', None];['Olivia Newton-John', 'Gene Kelly', 'Michael Beck', 'James Sloyan']
34;Popeye;1980;Tous publics;114;['Adventure', ' Comedy', ' Family            '];5.3;64;The adventures of the famous sailor man and his friends in the seaside town of Sweethaven.;['Robert Altman', None];['Robin Williams', 'Shelley Duvall', 'Ray Walston', 'Paul Dooley']
35;Sherlock Gnomes;2018;Tous publics;86;['Animation', ' Adventure', ' Comedy            '];5.2;36;Garden gnomes, Gnomeo (James McAvoy) and Juliet (Emily Blunt), recruit renowned detective Sherlock Gnomes (Johnny Depp) to investigate the mysterious disappearance of other garden ornaments.;['John Stevenson', None];['Johnny Depp', 'James McAvoy', 'Emily Blunt', 'Kelly Asbury']
36;Alvin et les Chipmunks;2007;Tous publics;92;['Adventure', ' Comedy', ' Drama            '];5.2;39;Three musical chipmunks are discovered by an aspiring songwriter who wants to use their amazing singing abilities to become famous.;['Tim Hill', None];['Jason Lee', 'Ross Bagdasarian Jr.', 'Janice Karman', 'David Cross']
37;Pootie Tang;2001;PG-13;81;['Action', ' Adventure', ' Comedy            '];5.2;31;"""The Man"" is baffled by a chill hero's invincible weapon: gibberish.";['Louis C.K.', None];['Chris Rock', 'Lance Crouther', 'J.B. Smoove', 'Jennifer Coolidge']
38;Pinocchio;I) (2022;12;105;['Adventure', ' Comedy', ' Drama            '];5.1;38;A puppet is brought to life by a fairy, who assigns him to lead a virtuous life in order to become a real boy.;['Robert Zemeckis', None];['Joseph Gordon-Levitt', 'Tom Hanks', 'Benjamin Evan Ainsworth', 'Angus Wright']
39;Fame;2009;Tous Public;107;['Comedy', ' Drama', ' Musical            '];5.0;39;An updated version of the musical Fame (1980), which centered on the students of the New York Academy of Performing Arts. The name of the school in 1980 was Fiorello Laguardia High School.;['Kevin Tancharoen', None];['Kelsey Grammer', 'Bebe Neuwirth', 'Megan Mullally', 'Kay Panabaker']
40;Alvin et les Chipmunks : À fond la caisse;2015;Tous publics;92;['Animation', ' Adventure', ' Comedy            '];4.9;33;The Chipmunks believe that Dave plans to propose to his new girlfriend in Miami.--and dump them. They have three days to get to him and save themselves not only from losing Dave but also from gaining a terrible stepbrother.;['Walt Becker', None];['Jason Lee', 'Justin Long', 'Matthew Gray Gubler', 'Jesse McCartney']
41;High School Musical 3 - Nos années lycée;2008;Tous Public;112;['Comedy', ' Drama', ' Family            '];4.9;57;As seniors in high school, Troy and Gabriella struggle with the idea of being separated from one another as college approaches. Along with the rest of the Wildcats, they stage a spring musical to address their experiences, hopes and fears about their future.;['Kenny Ortega', None];['Zac Efron', 'Vanessa Hudgens', 'Ashley Tisdale', 'Lucas Grabeel']
42;Blues Brothers 2000;1998;Tous publics;123;['Action', ' Comedy', ' Crime            '];4.9;-1;"Elwood must reunite the old band, with a few new members, and go on another ""Mission from God.""";['John Landis', None];['Dan Aykroyd', 'John Goodman', 'Walter Levine', 'Tom Davis']
43;L'Attaque des tomates tueuses;1978;NaN;83;['Adventure', ' Comedy', ' Horror            '];4.6;9;A group of scientists band together to save the world from mutated killer tomatoes.;['John De Bello', None];['David Miller', 'George Wilson', 'Sharon Taylor', 'J. Stephen Peace']
44;Alvin et les Chipmunks 2;2009;Tous Public;88;['Animation', ' Adventure', ' Comedy            '];4.5;41;The world-famous singing preteen chipmunk trio return to contend with the pressures of school, celebrity, and a rival female music group known as The Chipettes.;['Betty Thomas', None];['Jason Lee', 'Zachary Levi', 'David Cross', 'Justin Long']
45;Grease 2;1982;NaN;115;['Comedy', ' Music', ' Musical            '];4.5;52;A British student at a 1960s American high school must prove himself to the leader of a girls' gang whose members can only date greasers.;['Patricia Birch', None];['Michelle Pfeiffer', 'Maxwell Caulfield', 'Lorna Luft', 'Maureen Teefy']
46;Un trésor appelé Amour;2015;Tous Public;164;['Action', ' Drama', ' Musical            '];4.4;-1;While recovering from an assassination attempt four days before his coronation, a stern prince is replaced by a romantic lookalike.;['Sooraj R. Barjatya', None];['Salman Khan', 'Sonam Kapoor', 'Abhinay Raj Singh', 'Neil Nitin Mukesh']
47;Alvin et les Chipmunks 3;2011;Tous Public;87;['Animation', ' Adventure', ' Comedy            '];4.3;24;Playing around while aboard a cruise ship, the Chipmunks and Chipettes accidentally go overboard and end up marooned in a tropical paradise. They discover their new turf is not as deserted as it seems.;['Mike Mitchell', None];['Justin Long', 'Matthew Gray Gubler', 'Jesse McCartney', 'Jason Lee']
48;Cendrillon;I) (2021;6+;113;['Comedy', ' Family', ' Fantasy            '];4.3;41;A modern movie musical with a bold take on the classic fairy tale. Our ambitious heroine has big dreams and with the help of her fab Godmother, she perseveres to make them come true.;['Kay Cannon', None];['Camila Cabello', 'Billy Porter', 'Nicholas Galitzine', 'Idina Menzel']
49;Spy Kids 4: Tout le temps du monde;2011;PG;89;['Action', ' Adventure', ' Comedy            '];3.5;37;A retired spy is called back into action, and to bond with her new step-children, she invites them along for the adventure to stop the evil Timekeeper from taking over the world.;['Robert Rodriguez', None];['Jessica Alba', 'Jeremy Piven', 'Joel McHale', 'Rowan Blanchard']
0;Kazaam;1996;PG;93;['Comedy', ' Family', ' Fantasy            '];3.0;24;A troubled kid inadvertently releases a genie, who must grant him any three wishes he requests.;['Paul Michael Glaser', None];"[""Shaquille O'Neal"", 'Francis Capra', 'Ally Walker', 'James Acheson']"
1;Cats;2019;Tous publics;110;['Comedy', ' Drama', ' Family            '];2.8;32;A tribe of cats called the Jellicles must decide yearly which one will ascend to the Heaviside Layer and come back to a new Jellicle life.;['Tom Hooper', None];['James Corden', 'Judi Dench', 'Jason Derulo', 'Idris Elba']
2;From Justin to Kelly;2003;PG;81;['Comedy', ' Musical', ' Romance            '];1.9;14;A waitress from Texas and a college student from Pennsylvania meet during spring break in Fort Lauderdale, Florida and come together through their shared love of singing.;['Robert Iscove', None];['Kelly Clarkson', 'Justin Guarini', 'Katherine Bailess', 'Anika Noni Rose']
3;The Oogieloves in the Big Balloon Adventure;2012;NaN;88;['Adventure', ' Family', ' Fantasy            '];1.7;32;The Oogieloves, Goobie, Zoozie, and Toofie, set out to find five magical balloons that will make their good friend Schluufy's surprise birthday party extra special.;['Matthew Diamond', None];['Jaime Pressly', 'Cloris Leachman', 'Christopher Lloyd', 'Chazz Palminteri']
